{
  "requests": 36,
  "ok_requests": 36,
  "failed_requests": 0,
  "prompt_tokens": 85572,
  "cached_tokens": 57107,
  "cache_hit_rate": 0.6673561445332585,
  "latency_avg_s": 0.3303481243524907,
  "latency_p50_s": 0.11522035300731659,
  "latency_p90_s": 0.5771818067878485,
  "latency_p99_s": 1.5713856909424067,
  "strategy": "original_first_message",
  "scenario": "support_cases",
  "num_groups": 12,
  "turns": 3,
  "repeat": 1,
  "context_repeats": 3,
  "seed_concurrency": 3,
  "concurrency": 1
}
