{
  "requests": 36,
  "ok_requests": 36,
  "failed_requests": 0,
  "prompt_tokens": 58128,
  "cached_tokens": 38699,
  "cache_hit_rate": 0.6657548857693366,
  "latency_avg_s": 0.2702070811064914,
  "latency_p50_s": 0.2369829942472279,
  "latency_p90_s": 0.4257563753053546,
  "latency_p99_s": 0.5596334650181234,
  "strategy": "original_first_message",
  "scenario": "code_modules",
  "num_groups": 12,
  "turns": 3,
  "repeat": 1,
  "context_repeats": 2,
  "seed_concurrency": 3,
  "concurrency": 1
}
