{
  "requests": 36,
  "ok_requests": 36,
  "failed_requests": 0,
  "prompt_tokens": 58092,
  "cached_tokens": 38687,
  "cache_hit_rate": 0.6659608896233561,
  "latency_avg_s": 0.18156990808590004,
  "latency_p50_s": 0.08806647500023246,
  "latency_p90_s": 0.45554036693647504,
  "latency_p99_s": 0.5652400362305343,
  "strategy": "original_first_message",
  "scenario": "rag_documents",
  "num_groups": 12,
  "turns": 3,
  "repeat": 1,
  "context_repeats": 2,
  "seed_concurrency": 3,
  "concurrency": 1
}
