{
  "requests": 36,
  "ok_requests": 36,
  "failed_requests": 0,
  "prompt_tokens": 85572,
  "cached_tokens": 57010,
  "cache_hit_rate": 0.6662225961763194,
  "latency_avg_s": 0.28474569224959445,
  "latency_p50_s": 0.11569193191826344,
  "latency_p90_s": 0.9749183738604188,
  "latency_p99_s": 1.5117006837390363,
  "strategy": "optimized_full_conversation",
  "scenario": "support_cases",
  "num_groups": 12,
  "turns": 3,
  "repeat": 1,
  "context_repeats": 3,
  "seed_concurrency": 3,
  "concurrency": 1
}
