{
  "requests": 36,
  "ok_requests": 36,
  "failed_requests": 0,
  "prompt_tokens": 58092,
  "cached_tokens": 38686,
  "cache_hit_rate": 0.6659436755491289,
  "latency_avg_s": 0.13257655564747337,
  "latency_p50_s": 0.09015642898157239,
  "latency_p90_s": 0.20566136203706264,
  "latency_p99_s": 0.2991133132018149,
  "strategy": "optimized_full_conversation",
  "scenario": "rag_documents",
  "num_groups": 12,
  "turns": 3,
  "repeat": 1,
  "context_repeats": 2,
  "seed_concurrency": 3,
  "concurrency": 1
}
