{
  "requests": 36,
  "ok_requests": 36,
  "failed_requests": 0,
  "prompt_tokens": 58128,
  "cached_tokens": 38654,
  "cache_hit_rate": 0.664980732177264,
  "latency_avg_s": 0.20402919105254114,
  "latency_p50_s": 0.19193773716688156,
  "latency_p90_s": 0.243152376729995,
  "latency_p99_s": 0.43211191380396485,
  "strategy": "optimized_full_conversation",
  "scenario": "code_modules",
  "num_groups": 12,
  "turns": 3,
  "repeat": 1,
  "context_repeats": 2,
  "seed_concurrency": 3,
  "concurrency": 1
}
